{"centroids": [[0.2435220125786164, 0.2628497072218608, 0.20822102425876016], [0.41416666666666657, 0.14439655172413798, 0.18247767857142858], [0.05265993265993266, 0.144548937652386, 0.13437950937950943], [0.6836036036036037, 0.14631873252562916, 0.21621621621621617], [0.04114285714285714, 0.312807881773399, 0.16887755102040813], [0.14279569892473115, 0.6446051167964405, 0.33726958525345624], [0.07628985507246382, 0.21679160419790106, 0.5695652173913043], [0.05480122324159023, 0.15058525782980078, 0.2434469200524247]], "indices": [0, 5, 5, 2, 2, 4, 4, 7, 3, 2, 2, 1, 7, 6, 7, 6, 4, 6, 2, 2, 7, 6, 6, 2, 4, 7, 7, 7, 6, 6, 0, 7, 6, 6, 4, 5, 2, 0, 6, 7, 4, 2, 2, 1, 5, 2, 2, 6, 6, 0, 4, 7, 5, 1, 2, 5, 7, 5, 7, 5, 2, 0, 2, 1, 7, 5, 7, 6, 2, 2, 6, 7, 7, 7, 6, 1, 6, 4, 6, 6, 2, 7, 3, 5, 4, 6, 0, 4, 6, 2, 6, 4, 2, 7, 2, 7, 4, 7, 2, 6, 2, 6, 7, 2, 6, 2, 7, 2, 2, 6, 6, 7, 4, 4, 7, 4, 7, 6, 3, 6, 1, 6, 7, 7, 0, 1, 7, 6, 6, 7, 2, 1, 0, 2, 6, 4, 7, 4, 7, 0, 6, 4, 2, 6, 0, 2, 5, 2, 4, 5, 1, 6, 5, 1, 0, 5, 2, 7, 6, 7, 5, 6, 2, 6, 6, 6, 7, 6, 5, 2, 5, 5, 3, 2, 7, 3, 6, 6, 6, 7, 7, 6, 2, 6, 7, 1, 7, 0, 3, 7, 5, 6, 5, 7, 2, 2, 6, 1, 5, 6, 6, 2, 5, 7, 2, 1, 6, 2, 5, 3, 7, 3, 5, 0, 7, 6, 5, 5, 5, 4, 7, 2, 6, 7, 0, 7, 7, 0, 4, 5, 4, 7, 5, 6, 6, 1, 6, 0, 7, 6, 6, 3, 3, 7, 4, 3, 2, 6, 1, 1, 3, 4, 7, 7, 2, 6, 6, 2, 6, 4, 7, 7, 0, 1, 5, 4, 7, 5, 5, 0, 1, 6, 0, 6, 6, 2, 2, 5, 6, 7, 7, 7, 4, 4, 6, 2, 0, 2, 7, 4, 2, 5, 7, 1, 6, 2, 6, 7, 6, 6, 2, 1, 7, 6, 1, 6, 1, 4, 7, 4, 0, 6, 2, 7, 7, 2, 3, 3, 6, 2, 5, 4, 7, 3, 4, 2, 6, 7, 2, 5, 6, 4, 0, 3, 5, 6, 7, 2, 4, 1, 4, 4, 4, 4, 6, 1, 4, 6, 4, 4, 6, 7, 6, 6, 5, 0, 6, 7, 2, 0, 6, 4, 2, 0, 6, 4, 6, 2, 6, 7, 6, 6, 3, 6, 5, 2, 2, 4, 4, 5, 6, 1, 0, 3, 7, 3, 0, 0, 1, 7, 4, 2, 0, 6, 4, 1, 2, 4, 5, 6, 1, 2, 3, 1, 5, 2, 7, 3, 0, 5, 0, 0, 2, 7, 3, 6, 7, 7, 3, 5, 5, 0, 2, 2, 3, 2, 5, 0, 3, 0, 0, 2, 6, 7, 7, 4, 0, 6, 0, 7, 5, 2, 2, 2, 7, 2, 2, 6, 6, 5, 4, 7, 2, 3, 5, 7, 5, 2, 4, 2, 7, 4, 0, 6, 7, 1, 6, 4, 7, 7, 7, 7, 6, 2, 2, 0, 5, 3, 0, 2, 4, 2, 6, 6, 4, 4, 4, 7, 7, 0, 3, 0, 2, 4, 7, 1, 4, 4, 0, 7, 6, 4, 6, 4, 7, 7, 2, 2, 0, 3, 2, 2, 0, 5, 0, 2, 7, 7, 5, 5, 4, 3, 3, 2, 0, 0, 3, 0, 4, 2, 2, 5, 7, 0, 2, 4, 2, 2, 3, 3, 6, 5, 6, 5, 0, 7, 0, 6, 7], "centroids_sklearn": [[3.4593301435406607, 5.708133971291867, 9.47368421052631], [40.216216216216225, 5.135135135135135, 11.24324324324324], [3.5974025974025974, 8.831168831168831, 36.59740259740259], [6.2962962962962985, 21.259259259259256, 11.333333333333334], [25.857142857142858, 11.476190476190474, 35.52380952380952], [63.150000000000006, 5.8999999999999995, 13.0], [18.256097560975608, 7.24390243902439, 11.451219512195117], [3.618421052631578, 6.75, 21.84210526315789]], "indices_sklearn": [6, 4, 2, 0, 0, 3, 0, 0, 5, 6, 0, 1, 0, 4, 0, 2, 0, 2, 0, 0, 7, 4, 2, 0, 0, 0, 7, 0, 2, 2, 6, 0, 2, 2, 0, 1, 0, 6, 2, 7, 0, 0, 0, 1, 4, 0, 6, 2, 2, 6, 7, 0, 2, 1, 6, 7, 0, 7, 0, 6, 0, 6, 0, 6, 0, 2, 7, 2, 0, 0, 7, 0, 0, 0, 2, 1, 7, 0, 2, 7, 0, 7, 5, 2, 0, 2, 6, 0, 2, 0, 7, 0, 0, 0, 0, 0, 0, 0, 0, 7, 0, 2, 0, 0, 2, 0, 0, 0, 0, 7, 2, 7, 0, 7, 0, 0, 0, 2, 1, 7, 1, 7, 7, 7, 6, 1, 0, 2, 2, 6, 0, 1, 6, 0, 7, 0, 7, 0, 0, 6, 2, 0, 0, 2, 6, 0, 6, 0, 0, 2, 6, 4, 3, 6, 6, 3, 0, 0, 7, 6, 3, 2, 0, 2, 2, 2, 0, 2, 2, 0, 2, 7, 5, 0, 0, 1, 2, 7, 4, 0, 0, 2, 0, 7, 7, 6, 6, 6, 5, 0, 6, 2, 2, 7, 0, 0, 2, 1, 3, 7, 4, 0, 3, 0, 6, 1, 2, 0, 2, 1, 6, 1, 3, 6, 0, 7, 3, 3, 2, 0, 0, 0, 7, 7, 6, 0, 7, 6, 0, 4, 0, 7, 3, 2, 4, 6, 4, 6, 7, 7, 4, 1, 5, 0, 0, 5, 0, 2, 6, 1, 5, 0, 0, 0, 0, 2, 7, 0, 2, 0, 7, 0, 6, 1, 4, 0, 0, 4, 6, 6, 1, 2, 7, 7, 2, 0, 0, 5, 2, 7, 0, 0, 7, 0, 7, 0, 6, 0, 7, 0, 0, 4, 0, 6, 4, 0, 7, 6, 2, 4, 0, 6, 7, 2, 1, 7, 1, 0, 0, 0, 6, 7, 0, 7, 0, 0, 1, 5, 2, 0, 3, 0, 7, 1, 0, 0, 7, 0, 6, 6, 2, 0, 6, 1, 3, 4, 7, 0, 0, 1, 0, 0, 7, 0, 2, 1, 0, 7, 0, 0, 2, 7, 2, 7, 3, 6, 2, 0, 0, 6, 2, 3, 0, 1, 2, 0, 2, 0, 2, 0, 7, 7, 5, 7, 3, 0, 0, 7, 7, 3, 4, 1, 6, 5, 0, 5, 6, 6, 1, 0, 0, 0, 6, 2, 0, 6, 0, 0, 2, 2, 6, 0, 5, 1, 3, 0, 0, 1, 6, 3, 6, 6, 0, 7, 1, 2, 7, 7, 1, 6, 3, 6, 0, 0, 1, 0, 3, 6, 1, 6, 6, 0, 2, 0, 0, 0, 6, 2, 6, 7, 7, 0, 0, 0, 0, 0, 0, 2, 2, 4, 7, 0, 0, 5, 4, 0, 3, 0, 0, 0, 7, 0, 6, 2, 0, 1, 7, 0, 0, 7, 0, 6, 2, 0, 0, 6, 3, 1, 6, 0, 0, 0, 2, 2, 0, 0, 0, 6, 0, 6, 5, 6, 0, 0, 0, 6, 7, 0, 6, 0, 7, 0, 2, 0, 7, 0, 0, 0, 6, 5, 0, 0, 6, 7, 6, 0, 0, 7, 3, 3, 0, 5, 5, 0, 6, 6, 5, 6, 6, 0, 0, 3, 0, 6, 0, 0, 0, 6, 1, 5, 4, 3, 2, 3, 6, 7, 6, 2, 0]}